Outcome,Coefficient,Std_Error,T_stat,P_value,N,Significant,P_FDR,FDR_Significant
Male Suicide Rate,0.00564,0.00554,1.019,0.3084287902373031,2682,No,0.41466146035202317,No
Firearm Fatality Rate,0.00187,0.00198,0.943,0.34555121696001934,2253,No,0.41466146035202317,No
Drug Overdose Rate,-0.00238,0.00409,-0.582,0.5607350255233681,1885,No,0.5607350255233681,No
Premature Death Rate (YPLL),-0.83465,0.66016,-1.264,0.2061120808281508,2668,No,0.4122241616563016,No
Injury Death Rate,-0.00934,0.00585,-1.597,0.1102676580470538,2662,No,0.3308029741411614,No
Homicide Rate,-0.00284,0.00088,-3.216,0.0012983926316113685,1353,Yes,0.007790355789668211,Yes
